array_type,size,algorithm,time_microseconds,char_operations
Random,100,MergeSort,24.12,607
Random,100,QuickSort,15.86,13897
Random,100,StringMergeSort,81.78,509
Random,100,StringQuickSort,2.17,1053
Random,100,MsdRadixSort,21.30,366
Random,100,MsdRadixQuickSort,7.25,310
Reverse sorted,100,MergeSort,21.55,595
Reverse sorted,100,QuickSort,14.41,14511
Reverse sorted,100,StringMergeSort,78.37,348
Reverse sorted,100,StringQuickSort,1.69,901
Reverse sorted,100,MsdRadixSort,20.84,478
Reverse sorted,100,MsdRadixQuickSort,7.75,724
Almost sorted,100,MergeSort,18.56,754
Almost sorted,100,QuickSort,14.76,12276
Almost sorted,100,StringMergeSort,78.25,374
Almost sorted,100,StringQuickSort,1.68,923
Almost sorted,100,MsdRadixSort,14.97,460
Almost sorted,100,MsdRadixQuickSort,6.47,688
Common prefixes,100,MergeSort,22.23,1949
Common prefixes,100,QuickSort,15.77,15738
Common prefixes,100,StringMergeSort,79.29,867
Common prefixes,100,StringQuickSort,2.41,1615
Common prefixes,100,MsdRadixSort,33.04,1240
Common prefixes,100,MsdRadixQuickSort,7.52,1432
Random,200,MergeSort,48.78,1490
Random,200,QuickSort,45.91,30416
Random,200,StringMergeSort,179.81,1168
Random,200,StringQuickSort,2.96,2034
Random,200,MsdRadixSort,28.38,780
Random,200,MsdRadixQuickSort,9.72,728
Reverse sorted,200,MergeSort,73.51,1307
Reverse sorted,200,QuickSort,40.34,30012
Reverse sorted,200,StringMergeSort,157.22,719
Reverse sorted,200,StringQuickSort,3.20,2014
Reverse sorted,200,MsdRadixSort,35.45,950
Reverse sorted,200,MsdRadixQuickSort,13.18,1462
Almost sorted,200,MergeSort,36.22,1715
Almost sorted,200,QuickSort,26.05,27421
Almost sorted,200,StringMergeSort,137.65,757
Almost sorted,200,StringQuickSort,3.07,1940
Almost sorted,200,MsdRadixSort,24.98,898
Almost sorted,200,MsdRadixQuickSort,11.53,1319
Common prefixes,200,MergeSort,47.51,5263
Common prefixes,200,QuickSort,30.34,31673
Common prefixes,200,StringMergeSort,139.75,2003
Common prefixes,200,StringQuickSort,4.49,3792
Common prefixes,200,MsdRadixSort,67.74,2624
Common prefixes,200,MsdRadixQuickSort,13.51,3335
Random,300,MergeSort,68.87,2516
Random,300,QuickSort,42.08,42921
Random,300,StringMergeSort,239.27,1876
Random,300,StringQuickSort,5.37,3400
Random,300,MsdRadixSort,44.98,1204
Random,300,MsdRadixQuickSort,15.04,1294
Reverse sorted,300,MergeSort,58.31,1996
Reverse sorted,300,QuickSort,31.77,41069
Reverse sorted,300,StringMergeSort,210.22,1040
Reverse sorted,300,StringQuickSort,4.31,3149
Reverse sorted,300,MsdRadixSort,47.71,1436
Reverse sorted,300,MsdRadixQuickSort,17.63,2164
Almost sorted,300,MergeSort,56.50,2840
Almost sorted,300,QuickSort,39.70,45004
Almost sorted,300,StringMergeSort,237.12,1205
Almost sorted,300,StringQuickSort,4.21,3123
Almost sorted,300,MsdRadixSort,37.12,1368
Almost sorted,300,MsdRadixQuickSort,16.45,2019
Common prefixes,300,MergeSort,73.27,9137
Common prefixes,300,QuickSort,42.11,51829
Common prefixes,300,StringMergeSort,221.62,3210
Common prefixes,300,StringQuickSort,6.48,6126
Common prefixes,300,MsdRadixSort,73.17,4072
Common prefixes,300,MsdRadixQuickSort,21.83,5455
Random,400,MergeSort,91.79,3654
Random,400,QuickSort,53.42,58573
Random,400,StringMergeSort,271.54,2673
Random,400,StringQuickSort,6.39,4670
Random,400,MsdRadixSort,52.74,1642
Random,400,MsdRadixQuickSort,18.46,1816
Reverse sorted,400,MergeSort,80.41,2821
Reverse sorted,400,QuickSort,40.06,57798
Reverse sorted,400,StringMergeSort,257.14,1447
Reverse sorted,400,StringQuickSort,8.71,4353
Reverse sorted,400,MsdRadixSort,59.80,1906
Reverse sorted,400,MsdRadixQuickSort,20.28,2877
Almost sorted,400,MergeSort,69.58,4009
Almost sorted,400,QuickSort,43.58,57294
Almost sorted,400,StringMergeSort,261.41,1668
Almost sorted,400,StringQuickSort,5.54,4853
Almost sorted,400,MsdRadixSort,49.95,1832
Almost sorted,400,MsdRadixQuickSort,20.27,2747
Common prefixes,400,MergeSort,92.63,13148
Common prefixes,400,QuickSort,96.40,70164
Common prefixes,400,StringMergeSort,269.59,4417
Common prefixes,400,StringQuickSort,8.03,8162
Common prefixes,400,MsdRadixSort,85.95,5492
Common prefixes,400,MsdRadixQuickSort,28.97,7359
Random,500,MergeSort,106.48,4863
Random,500,QuickSort,60.03,76841
Random,500,StringMergeSort,370.20,3488
Random,500,StringQuickSort,8.19,6904
Random,500,MsdRadixSort,59.01,2072
Random,500,MsdRadixQuickSort,21.88,2531
Reverse sorted,500,MergeSort,97.24,3740
Reverse sorted,500,QuickSort,37.93,58732
Reverse sorted,500,StringMergeSort,293.50,1850
Reverse sorted,500,StringQuickSort,6.29,5654
Reverse sorted,500,MsdRadixSort,68.33,2420
Reverse sorted,500,MsdRadixQuickSort,27.83,3665
Almost sorted,500,MergeSort,84.93,5051
Almost sorted,500,QuickSort,51.22,72227
Almost sorted,500,StringMergeSort,270.10,2027
Almost sorted,500,StringQuickSort,5.95,5787
Almost sorted,500,MsdRadixSort,50.71,2290
Almost sorted,500,MsdRadixQuickSort,20.62,3432
Common prefixes,500,MergeSort,107.30,17460
Common prefixes,500,QuickSort,79.06,90061
Common prefixes,500,StringMergeSort,312.85,5639
Common prefixes,500,StringQuickSort,9.57,11555
Common prefixes,500,MsdRadixSort,103.44,6966
Common prefixes,500,MsdRadixQuickSort,41.77,8331
Random,600,MergeSort,126.04,6087
Random,600,QuickSort,66.31,89498
Random,600,StringMergeSort,377.93,4302
Random,600,StringQuickSort,8.98,8071
Random,600,MsdRadixSort,90.50,2514
Random,600,MsdRadixQuickSort,28.47,3211
Reverse sorted,600,MergeSort,102.54,4317
Reverse sorted,600,QuickSort,51.23,81388
Reverse sorted,600,StringMergeSort,343.30,2083
Reverse sorted,600,StringQuickSort,7.07,6862
Reverse sorted,600,MsdRadixSort,75.77,2890
Reverse sorted,600,MsdRadixQuickSort,25.69,4383
Almost sorted,600,MergeSort,95.59,6459
Almost sorted,600,QuickSort,57.14,87194
Almost sorted,600,StringMergeSort,411.33,2574
Almost sorted,600,StringQuickSort,7.11,7410
Almost sorted,600,MsdRadixSort,57.97,2752
Almost sorted,600,MsdRadixQuickSort,25.15,4133
Common prefixes,600,MergeSort,142.67,21919
Common prefixes,600,QuickSort,71.55,112519
Common prefixes,600,StringMergeSort,369.71,6884
Common prefixes,600,StringQuickSort,15.51,13083
Common prefixes,600,MsdRadixSort,119.80,8410
Common prefixes,600,MsdRadixQuickSort,62.15,9571
Random,700,MergeSort,213.71,7434
Random,700,QuickSort,73.75,105297
Random,700,StringMergeSort,452.44,5174
Random,700,StringQuickSort,10.33,9395
Random,700,MsdRadixSort,68.89,2962
Random,700,MsdRadixQuickSort,27.12,4002
Reverse sorted,700,MergeSort,117.69,5215
Reverse sorted,700,QuickSort,59.57,104565
Reverse sorted,700,StringMergeSort,547.04,2552
Reverse sorted,700,StringQuickSort,8.15,8125
Reverse sorted,700,MsdRadixSort,83.41,3362
Reverse sorted,700,MsdRadixQuickSort,32.00,5092
Almost sorted,700,MergeSort,116.33,7720
Almost sorted,700,QuickSort,68.60,102489
Almost sorted,700,StringMergeSort,405.25,3039
Almost sorted,700,StringQuickSort,11.84,9560
Almost sorted,700,MsdRadixSort,76.43,3232
Almost sorted,700,MsdRadixQuickSort,37.13,4849
Common prefixes,700,MergeSort,268.06,26294
Common prefixes,700,QuickSort,84.99,131597
Common prefixes,700,StringMergeSort,499.60,8111
Common prefixes,700,StringQuickSort,12.55,15417
Common prefixes,700,MsdRadixSort,146.08,9852
Common prefixes,700,MsdRadixQuickSort,77.25,9809
Random,800,MergeSort,235.54,8800
Random,800,QuickSort,84.51,118385
Random,800,StringMergeSort,560.53,6104
Random,800,StringQuickSort,12.76,11696
Random,800,MsdRadixSort,83.73,3400
Random,800,MsdRadixQuickSort,34.43,4807
Reverse sorted,800,MergeSort,160.83,6068
Reverse sorted,800,QuickSort,80.45,119028
Reverse sorted,800,StringMergeSort,511.14,2900
Reverse sorted,800,StringQuickSort,9.92,9532
Reverse sorted,800,MsdRadixSort,98.79,3836
Reverse sorted,800,MsdRadixQuickSort,45.08,5848
Almost sorted,800,MergeSort,137.59,8908
Almost sorted,800,QuickSort,79.96,118819
Almost sorted,800,StringMergeSort,551.47,3452
Almost sorted,800,StringQuickSort,12.04,11006
Almost sorted,800,MsdRadixSort,84.72,3746
Almost sorted,800,MsdRadixQuickSort,33.48,5626
Common prefixes,800,MergeSort,205.38,31142
Common prefixes,800,QuickSort,102.74,149038
Common prefixes,800,StringMergeSort,603.47,9430
Common prefixes,800,StringQuickSort,15.03,18363
Common prefixes,800,MsdRadixSort,157.53,11330
Common prefixes,800,MsdRadixQuickSort,93.97,10833
Random,900,MergeSort,221.00,10184
Random,900,QuickSort,103.40,133287
Random,900,StringMergeSort,652.04,6974
Random,900,StringQuickSort,17.62,13925
Random,900,MsdRadixSort,94.63,3858
Random,900,MsdRadixQuickSort,39.14,5751
Reverse sorted,900,MergeSort,167.72,6952
Reverse sorted,900,QuickSort,69.46,123141
Reverse sorted,900,StringMergeSort,633.14,3253
Reverse sorted,900,StringQuickSort,11.02,11011
Reverse sorted,900,MsdRadixSort,117.77,4336
Reverse sorted,900,MsdRadixQuickSort,42.92,6615
Almost sorted,900,MergeSort,163.67,10326
Almost sorted,900,QuickSort,89.23,135180
Almost sorted,900,StringMergeSort,633.98,4017
Almost sorted,900,StringQuickSort,12.56,11466
Almost sorted,900,MsdRadixSort,99.09,4238
Almost sorted,900,MsdRadixQuickSort,41.12,6429
Common prefixes,900,MergeSort,248.92,35787
Common prefixes,900,QuickSort,128.72,171104
Common prefixes,900,StringMergeSort,713.38,10700
Common prefixes,900,StringQuickSort,17.04,20276
Common prefixes,900,MsdRadixSort,184.41,12790
Common prefixes,900,MsdRadixQuickSort,108.21,12246
Random,1000,MergeSort,260.00,11605
Random,1000,QuickSort,117.28,151182
Random,1000,StringMergeSort,746.61,7882
Random,1000,StringQuickSort,18.35,14933
Random,1000,MsdRadixSort,112.09,4318
Random,1000,MsdRadixQuickSort,44.42,6619
Reverse sorted,1000,MergeSort,193.64,8027
Reverse sorted,1000,QuickSort,74.53,122646
Reverse sorted,1000,StringMergeSort,701.29,3745
Reverse sorted,1000,StringQuickSort,14.47,12629
Reverse sorted,1000,MsdRadixSort,126.97,4836
Reverse sorted,1000,MsdRadixQuickSort,46.73,7413
Almost sorted,1000,MergeSort,200.39,11417
Almost sorted,1000,QuickSort,105.04,147068
Almost sorted,1000,StringMergeSort,696.59,4503
Almost sorted,1000,StringQuickSort,14.25,12983
Almost sorted,1000,MsdRadixSort,114.50,4742
Almost sorted,1000,MsdRadixQuickSort,47.30,7249
Common prefixes,1000,MergeSort,298.19,40642
Common prefixes,1000,QuickSort,152.58,196224
Common prefixes,1000,StringMergeSort,700.89,11960
Common prefixes,1000,StringQuickSort,20.45,22245
Common prefixes,1000,MsdRadixSort,213.91,14266
Common prefixes,1000,MsdRadixQuickSort,149.87,13654
Random,1100,MergeSort,305.33,13051
Random,1100,QuickSort,127.62,167529
Random,1100,StringMergeSort,846.85,8790
Random,1100,StringQuickSort,17.47,15810
Random,1100,MsdRadixSort,116.52,4794
Random,1100,MsdRadixQuickSort,48.24,7493
Reverse sorted,1100,MergeSort,216.45,8792
Reverse sorted,1100,QuickSort,79.73,139079
Reverse sorted,1100,StringMergeSort,1124.62,4093
Reverse sorted,1100,StringQuickSort,48.43,13864
Reverse sorted,1100,MsdRadixSort,363.75,5302
Reverse sorted,1100,MsdRadixQuickSort,122.51,8104
Almost sorted,1100,MergeSort,638.99,12956
Almost sorted,1100,QuickSort,342.36,166490
Almost sorted,1100,StringMergeSort,1081.25,5020
Almost sorted,1100,StringQuickSort,51.83,14744
Almost sorted,1100,MsdRadixSort,284.85,5208
Almost sorted,1100,MsdRadixQuickSort,80.17,7962
Common prefixes,1100,MergeSort,376.60,45767
Common prefixes,1100,QuickSort,147.18,212323
Common prefixes,1100,StringMergeSort,997.79,13310
Common prefixes,1100,StringQuickSort,23.86,24962
Common prefixes,1100,MsdRadixSort,243.55,15738
Common prefixes,1100,MsdRadixQuickSort,165.62,15117
Random,1200,MergeSort,444.12,14525
Random,1200,QuickSort,138.80,180605
Random,1200,StringMergeSort,960.88,9729
Random,1200,StringQuickSort,21.29,18194
Random,1200,MsdRadixSort,139.73,5274
Random,1200,MsdRadixQuickSort,57.08,8344
Reverse sorted,1200,MergeSort,256.98,9381
Reverse sorted,1200,QuickSort,98.99,162098
Reverse sorted,1200,StringMergeSort,844.23,4297
Reverse sorted,1200,StringQuickSort,15.89,15469
Reverse sorted,1200,MsdRadixSort,151.53,5778
Reverse sorted,1200,MsdRadixQuickSort,58.63,8862
Almost sorted,1200,MergeSort,261.14,14393
Almost sorted,1200,QuickSort,124.22,173655
Almost sorted,1200,StringMergeSort,803.41,5479
Almost sorted,1200,StringQuickSort,17.37,16807
Almost sorted,1200,MsdRadixSort,134.99,5690
Almost sorted,1200,MsdRadixQuickSort,56.58,8703
Common prefixes,1200,MergeSort,430.40,51004
Common prefixes,1200,QuickSort,169.44,230034
Common prefixes,1200,StringMergeSort,958.09,14670
Common prefixes,1200,StringQuickSort,28.08,27530
Common prefixes,1200,MsdRadixSort,268.68,17220
Common prefixes,1200,MsdRadixQuickSort,154.62,16584
Random,1300,MergeSort,410.58,16058
Random,1300,QuickSort,214.93,199886
Random,1300,StringMergeSort,998.95,10650
Random,1300,StringQuickSort,23.98,21113
Random,1300,MsdRadixSort,186.86,5768
Random,1300,MsdRadixQuickSort,61.14,9146
Reverse sorted,1300,MergeSort,270.83,10306
Reverse sorted,1300,QuickSort,108.81,183616
Reverse sorted,1300,StringMergeSort,948.67,4706
Reverse sorted,1300,StringQuickSort,16.92,16965
Reverse sorted,1300,MsdRadixSort,168.38,6278
Reverse sorted,1300,MsdRadixQuickSort,61.98,9639
Almost sorted,1300,MergeSort,282.38,15840
Almost sorted,1300,QuickSort,136.42,191743
Almost sorted,1300,StringMergeSort,883.03,5987
Almost sorted,1300,StringQuickSort,19.72,17991
Almost sorted,1300,MsdRadixSort,148.27,6174
Almost sorted,1300,MsdRadixQuickSort,61.27,9460
Common prefixes,1300,MergeSort,463.82,55762
Common prefixes,1300,QuickSort,176.58,249846
Common prefixes,1300,StringMergeSort,1061.95,15943
Common prefixes,1300,StringQuickSort,29.85,32470
Common prefixes,1300,MsdRadixSort,304.62,18668
Common prefixes,1300,MsdRadixQuickSort,166.61,18039
Random,1400,MergeSort,494.32,17577
Random,1400,QuickSort,160.80,218370
Random,1400,StringMergeSort,1113.06,11635
Random,1400,StringQuickSort,26.96,21159
Random,1400,MsdRadixSort,150.32,6236
Random,1400,MsdRadixQuickSort,64.60,10120
Reverse sorted,1400,MergeSort,285.57,11213
Reverse sorted,1400,QuickSort,127.68,207037
Reverse sorted,1400,StringMergeSort,988.33,5154
Reverse sorted,1400,StringQuickSort,25.87,18269
Reverse sorted,1400,MsdRadixSort,192.99,6758
Reverse sorted,1400,MsdRadixQuickSort,63.42,10364
Almost sorted,1400,MergeSort,412.54,17093
Almost sorted,1400,QuickSort,142.12,205439
Almost sorted,1400,StringMergeSort,1063.83,6488
Almost sorted,1400,StringQuickSort,20.17,19337
Almost sorted,1400,MsdRadixSort,164.47,6672
Almost sorted,1400,MsdRadixQuickSort,69.77,10211
Common prefixes,1400,MergeSort,463.52,61480
Common prefixes,1400,QuickSort,266.09,276976
Common prefixes,1400,StringMergeSort,1120.04,17373
Common prefixes,1400,StringQuickSort,57.32,34061
Common prefixes,1400,MsdRadixSort,298.20,20188
Common prefixes,1400,MsdRadixQuickSort,175.42,19558
Random,1500,MergeSort,437.30,19130
Random,1500,QuickSort,247.09,227699
Random,1500,StringMergeSort,1198.19,12589
Random,1500,StringQuickSort,30.97,24469
Random,1500,MsdRadixSort,168.25,6752
Random,1500,MsdRadixQuickSort,73.73,11101
Reverse sorted,1500,MergeSort,311.31,12164
Reverse sorted,1500,QuickSort,146.78,228947
Reverse sorted,1500,StringMergeSort,1076.50,5526
Reverse sorted,1500,StringQuickSort,22.13,19605
Reverse sorted,1500,MsdRadixSort,196.62,7264
Reverse sorted,1500,MsdRadixQuickSort,73.88,11156
Almost sorted,1500,MergeSort,382.59,18579
Almost sorted,1500,QuickSort,153.38,218781
Almost sorted,1500,StringMergeSort,1118.03,7144
Almost sorted,1500,StringQuickSort,28.43,20893
Almost sorted,1500,MsdRadixSort,169.57,7142
Almost sorted,1500,MsdRadixQuickSort,68.16,10996
Common prefixes,1500,MergeSort,536.61,67419
Common prefixes,1500,QuickSort,220.58,295049
Common prefixes,1500,StringMergeSort,1254.35,18810
Common prefixes,1500,StringQuickSort,33.28,36292
Common prefixes,1500,MsdRadixSort,326.91,21744
Common prefixes,1500,MsdRadixQuickSort,193.06,21159
Random,1600,MergeSort,534.17,20756
Random,1600,QuickSort,205.79,237333
Random,1600,StringMergeSort,1296.38,13662
Random,1600,StringQuickSort,33.91,26604
Random,1600,MsdRadixSort,187.12,7262
Random,1600,MsdRadixQuickSort,77.97,11951
Reverse sorted,1600,MergeSort,419.31,12962
Reverse sorted,1600,QuickSort,135.30,235299
Reverse sorted,1600,StringMergeSort,1214.41,5825
Reverse sorted,1600,StringQuickSort,23.17,21160
Reverse sorted,1600,MsdRadixSort,224.02,7730
Reverse sorted,1600,MsdRadixQuickSort,79.06,11858
Almost sorted,1600,MergeSort,389.92,20095
Almost sorted,1600,QuickSort,194.43,234113
Almost sorted,1600,StringMergeSort,1181.43,7678
Almost sorted,1600,StringQuickSort,29.42,22652
Almost sorted,1600,MsdRadixSort,187.29,7632
Almost sorted,1600,MsdRadixQuickSort,75.92,11814
Common prefixes,1600,MergeSort,576.53,72847
Common prefixes,1600,QuickSort,313.54,316790
Common prefixes,1600,StringMergeSort,1442.43,20133
Common prefixes,1600,StringQuickSort,36.02,39213
Common prefixes,1600,MsdRadixSort,350.68,23242
Common prefixes,1600,MsdRadixQuickSort,215.12,22695
Random,1700,MergeSort,562.46,22363
Random,1700,QuickSort,234.14,262010
Random,1700,StringMergeSort,1425.59,14651
Random,1700,StringQuickSort,35.79,26887
Random,1700,MsdRadixSort,200.18,7764
Random,1700,MsdRadixQuickSort,125.72,13144
Reverse sorted,1700,MergeSort,413.93,13963
Reverse sorted,1700,QuickSort,147.61,238181
Reverse sorted,1700,StringMergeSort,1361.77,6292
Reverse sorted,1700,StringQuickSort,23.24,22696
Reverse sorted,1700,MsdRadixSort,221.59,8230
Reverse sorted,1700,MsdRadixQuickSort,84.93,12631
Almost sorted,1700,MergeSort,487.47,21439
Almost sorted,1700,QuickSort,171.61,255944
Almost sorted,1700,StringMergeSort,1382.85,8093
Almost sorted,1700,StringQuickSort,28.27,25327
Almost sorted,1700,MsdRadixSort,208.26,8118
Almost sorted,1700,MsdRadixQuickSort,85.33,12596
Common prefixes,1700,MergeSort,707.23,78206
Common prefixes,1700,QuickSort,287.40,332447
Common prefixes,1700,StringMergeSort,1435.22,21526
Common prefixes,1700,StringQuickSort,65.50,42092
Common prefixes,1700,MsdRadixSort,384.29,24688
Common prefixes,1700,MsdRadixQuickSort,264.52,24177
Random,1800,MergeSort,591.93,23949
Random,1800,QuickSort,236.55,277085
Random,1800,StringMergeSort,1520.60,15606
Random,1800,StringQuickSort,34.70,28050
Random,1800,MsdRadixSort,215.38,8282
Random,1800,MsdRadixQuickSort,95.25,14213
Reverse sorted,1800,MergeSort,457.12,14938
Reverse sorted,1800,QuickSort,152.01,241722
Reverse sorted,1800,StringMergeSort,1367.27,6630
Reverse sorted,1800,StringQuickSort,32.54,24461
Reverse sorted,1800,MsdRadixSort,258.35,8734
Reverse sorted,1800,MsdRadixQuickSort,87.22,13423
Almost sorted,1800,MergeSort,505.66,23018
Almost sorted,1800,QuickSort,187.17,268736
Almost sorted,1800,StringMergeSort,1375.30,8739
Almost sorted,1800,StringQuickSort,28.92,25677
Almost sorted,1800,MsdRadixSort,213.59,8592
Almost sorted,1800,MsdRadixQuickSort,90.10,13385
Common prefixes,1800,MergeSort,635.57,83716
Common prefixes,1800,QuickSort,274.51,363846
Common prefixes,1800,StringMergeSort,1539.86,22869
Common prefixes,1800,StringQuickSort,50.20,43361
Common prefixes,1800,MsdRadixSort,403.97,26150
Common prefixes,1800,MsdRadixQuickSort,280.35,25708
Random,1900,MergeSort,663.17,25575
Random,1900,QuickSort,253.72,297703
Random,1900,StringMergeSort,1605.40,16584
Random,1900,StringQuickSort,44.28,29877
Random,1900,MsdRadixSort,263.75,8754
Random,1900,MsdRadixQuickSort,103.23,15000
Reverse sorted,1900,MergeSort,466.49,15887
Reverse sorted,1900,QuickSort,143.22,241285
Reverse sorted,1900,StringMergeSort,1454.43,7045
Reverse sorted,1900,StringQuickSort,28.37,25700
Reverse sorted,1900,MsdRadixSort,278.18,9220
Reverse sorted,1900,MsdRadixQuickSort,98.92,14144
Almost sorted,1900,MergeSort,526.98,24401
Almost sorted,1900,QuickSort,196.68,282564
Almost sorted,1900,StringMergeSort,1469.08,9323
Almost sorted,1900,StringQuickSort,30.97,27048
Almost sorted,1900,MsdRadixSort,233.75,9076
Almost sorted,1900,MsdRadixQuickSort,101.63,14133
Common prefixes,1900,MergeSort,717.80,89457
Common prefixes,1900,QuickSort,295.74,378452
Common prefixes,1900,StringMergeSort,1613.36,24307
Common prefixes,1900,StringQuickSort,49.04,48787
Common prefixes,1900,MsdRadixSort,443.45,27698
Common prefixes,1900,MsdRadixQuickSort,328.82,27331
Random,2000,MergeSort,640.85,27248
Random,2000,QuickSort,329.63,312135
Random,2000,StringMergeSort,1675.70,17594
Random,2000,StringQuickSort,43.27,32014
Random,2000,MsdRadixSort,241.17,9278
Random,2000,MsdRadixQuickSort,104.42,16014
Reverse sorted,2000,MergeSort,516.66,17077
Reverse sorted,2000,QuickSort,142.94,240798
Reverse sorted,2000,StringMergeSort,1489.57,7545
Reverse sorted,2000,StringQuickSort,28.76,27093
Reverse sorted,2000,MsdRadixSort,339.92,9690
Reverse sorted,2000,MsdRadixQuickSort,111.11,14869
Almost sorted,2000,MergeSort,552.50,25519
Almost sorted,2000,QuickSort,219.64,300212
Almost sorted,2000,StringMergeSort,1528.57,9799
Almost sorted,2000,StringQuickSort,35.73,30614
Almost sorted,2000,MsdRadixSort,248.80,9554
Almost sorted,2000,MsdRadixQuickSort,105.20,14899
Common prefixes,2000,MergeSort,792.68,94897
Common prefixes,2000,QuickSort,302.51,396004
Common prefixes,2000,StringMergeSort,1639.26,25553
Common prefixes,2000,StringQuickSort,53.62,48957
Common prefixes,2000,MsdRadixSort,491.24,29162
Common prefixes,2000,MsdRadixQuickSort,289.44,28811
Random,2100,MergeSort,736.72,28870
Random,2100,QuickSort,287.33,329000
Random,2100,StringMergeSort,1781.90,18610
Random,2100,StringQuickSort,54.42,35463
Random,2100,MsdRadixSort,300.73,9810
Random,2100,MsdRadixQuickSort,104.13,17268
Reverse sorted,2100,MergeSort,490.79,17974
Reverse sorted,2100,QuickSort,157.89,250866
Reverse sorted,2100,StringMergeSort,1628.93,7907
Reverse sorted,2100,StringQuickSort,32.52,29239
Reverse sorted,2100,MsdRadixSort,310.87,10182
Reverse sorted,2100,MsdRadixQuickSort,113.01,15590
Almost sorted,2100,MergeSort,639.61,27115
Almost sorted,2100,QuickSort,217.83,315449
Almost sorted,2100,StringMergeSort,1633.74,10388
Almost sorted,2100,StringQuickSort,36.30,30370
Almost sorted,2100,MsdRadixSort,278.58,10044
Almost sorted,2100,MsdRadixQuickSort,127.16,15681
Common prefixes,2100,MergeSort,780.33,100788
Common prefixes,2100,QuickSort,438.58,428150
Common prefixes,2100,StringMergeSort,1796.75,27010
Common prefixes,2100,StringQuickSort,60.39,52238
Common prefixes,2100,MsdRadixSort,521.12,30648
Common prefixes,2100,MsdRadixQuickSort,293.13,30390
Random,2200,MergeSort,775.35,30618
Random,2200,QuickSort,284.87,340468
Random,2200,StringMergeSort,1842.34,19597
Random,2200,StringQuickSort,48.70,38781
Random,2200,MsdRadixSort,326.97,10326
Random,2200,MsdRadixQuickSort,119.14,18464
Reverse sorted,2200,MergeSort,505.84,18777
Reverse sorted,2200,QuickSort,173.37,275817
Reverse sorted,2200,StringMergeSort,1697.08,8262
Reverse sorted,2200,StringQuickSort,33.16,30740
Reverse sorted,2200,MsdRadixSort,299.62,10690
Reverse sorted,2200,MsdRadixQuickSort,117.81,16360
Almost sorted,2200,MergeSort,647.03,28816
Almost sorted,2200,QuickSort,237.39,320979
Almost sorted,2200,StringMergeSort,1720.83,10947
Almost sorted,2200,StringQuickSort,37.38,32845
Almost sorted,2200,MsdRadixSort,310.75,10528
Almost sorted,2200,MsdRadixQuickSort,118.11,16460
Common prefixes,2200,MergeSort,891.57,106832
Common prefixes,2200,QuickSort,362.68,436803
Common prefixes,2200,StringMergeSort,1883.83,28441
Common prefixes,2200,StringQuickSort,65.47,57793
Common prefixes,2200,MsdRadixSort,493.69,32162
Common prefixes,2200,MsdRadixQuickSort,303.02,32051
Random,2300,MergeSort,844.37,32267
Random,2300,QuickSort,309.39,362454
Random,2300,StringMergeSort,1951.05,20597
Random,2300,StringQuickSort,58.98,46209
Random,2300,MsdRadixSort,304.67,10892
Random,2300,MsdRadixQuickSort,140.39,19243
Reverse sorted,2300,MergeSort,568.19,19410
Reverse sorted,2300,QuickSort,187.73,297909
Reverse sorted,2300,StringMergeSort,2003.03,8415
Reverse sorted,2300,StringQuickSort,36.74,32082
Reverse sorted,2300,MsdRadixSort,320.33,11204
Reverse sorted,2300,MsdRadixQuickSort,119.60,17154
Almost sorted,2300,MergeSort,684.44,30505
Almost sorted,2300,QuickSort,252.65,340230
Almost sorted,2300,StringMergeSort,1823.49,11695
Almost sorted,2300,StringQuickSort,43.53,33449
Almost sorted,2300,MsdRadixSort,291.69,11024
Almost sorted,2300,MsdRadixQuickSort,121.83,17240
Common prefixes,2300,MergeSort,888.68,112682
Common prefixes,2300,QuickSort,363.34,476532
Common prefixes,2300,StringMergeSort,2012.08,29970
Common prefixes,2300,StringQuickSort,79.74,56401
Common prefixes,2300,MsdRadixSort,504.32,33642
Common prefixes,2300,MsdRadixQuickSort,346.17,33657
Random,2400,MergeSort,800.93,33988
Random,2400,QuickSort,346.52,375949
Random,2400,StringMergeSort,2051.31,21655
Random,2400,StringQuickSort,60.74,40500
Random,2400,MsdRadixSort,313.10,11414
Random,2400,MsdRadixQuickSort,130.27,20263
Reverse sorted,2400,MergeSort,569.32,20078
Reverse sorted,2400,QuickSort,204.70,320248
Reverse sorted,2400,StringMergeSort,1897.69,8706
Reverse sorted,2400,StringQuickSort,36.37,33795
Reverse sorted,2400,MsdRadixSort,326.18,11686
Reverse sorted,2400,MsdRadixQuickSort,124.43,17862
Almost sorted,2400,MergeSort,704.48,32337
Almost sorted,2400,QuickSort,276.44,356387
Almost sorted,2400,StringMergeSort,1953.97,12302
Almost sorted,2400,StringQuickSort,42.27,35404
Almost sorted,2400,MsdRadixSort,314.77,11534
Almost sorted,2400,MsdRadixQuickSort,130.39,18135
Common prefixes,2400,MergeSort,903.93,118007
Common prefixes,2400,QuickSort,413.00,475144
Common prefixes,2400,StringMergeSort,2099.21,31301
Common prefixes,2400,StringQuickSort,61.72,62729
Common prefixes,2400,MsdRadixSort,589.58,35068
Common prefixes,2400,MsdRadixQuickSort,374.26,35217
Random,2500,MergeSort,941.70,35781
Random,2500,QuickSort,370.87,389499
Random,2500,StringMergeSort,2177.60,22720
Random,2500,StringQuickSort,67.27,44054
Random,2500,MsdRadixSort,331.73,11976
Random,2500,MsdRadixQuickSort,181.39,21803
Reverse sorted,2500,MergeSort,648.15,21109
Reverse sorted,2500,QuickSort,207.19,340963
Reverse sorted,2500,StringMergeSort,2010.72,9087
Reverse sorted,2500,StringQuickSort,39.87,35437
Reverse sorted,2500,MsdRadixSort,347.18,12180
Reverse sorted,2500,MsdRadixQuickSort,160.08,18619
Almost sorted,2500,MergeSort,752.09,33553
Almost sorted,2500,QuickSort,285.28,379549
Almost sorted,2500,StringMergeSort,2016.83,12894
Almost sorted,2500,StringQuickSort,39.84,37078
Almost sorted,2500,MsdRadixSort,313.66,12010
Almost sorted,2500,MsdRadixQuickSort,133.60,18950
Common prefixes,2500,MergeSort,993.88,123904
Common prefixes,2500,QuickSort,416.47,501877
Common prefixes,2500,StringMergeSort,2134.94,32646
Common prefixes,2500,StringQuickSort,80.44,64544
Common prefixes,2500,MsdRadixSort,603.57,36566
Common prefixes,2500,MsdRadixQuickSort,368.50,36882
Random,2600,MergeSort,945.83,37531
Random,2600,QuickSort,368.33,410111
Random,2600,StringMergeSort,2230.37,23731
Random,2600,StringQuickSort,94.05,44748
Random,2600,MsdRadixSort,353.31,12524
Random,2600,MsdRadixQuickSort,161.98,22704
Reverse sorted,2600,MergeSort,618.08,22012
Reverse sorted,2600,QuickSort,228.42,364014
Reverse sorted,2600,StringMergeSort,2108.13,9501
Reverse sorted,2600,StringQuickSort,41.58,37233
Reverse sorted,2600,MsdRadixSort,400.67,12680
Reverse sorted,2600,MsdRadixQuickSort,136.40,19357
Almost sorted,2600,MergeSort,696.50,35393
Almost sorted,2600,QuickSort,350.45,400286
Almost sorted,2600,StringMergeSort,2132.80,13535
Almost sorted,2600,StringQuickSort,48.28,38638
Almost sorted,2600,MsdRadixSort,357.43,12512
Almost sorted,2600,MsdRadixQuickSort,138.11,19833
Common prefixes,2600,MergeSort,994.51,129365
Common prefixes,2600,QuickSort,445.83,532387
Common prefixes,2600,StringMergeSort,2275.74,34051
Common prefixes,2600,StringQuickSort,77.69,64444
Common prefixes,2600,MsdRadixSort,586.34,37982
Common prefixes,2600,MsdRadixQuickSort,384.44,38468
Random,2700,MergeSort,996.83,39280
Random,2700,QuickSort,364.90,419534
Random,2700,StringMergeSort,2377.86,24803
Random,2700,StringQuickSort,77.53,49216
Random,2700,MsdRadixSort,384.27,13064
Random,2700,MsdRadixQuickSort,202.32,23684
Reverse sorted,2700,MergeSort,647.65,22739
Reverse sorted,2700,QuickSort,255.63,391684
Reverse sorted,2700,StringMergeSort,2118.32,9775
Reverse sorted,2700,StringQuickSort,43.40,39080
Reverse sorted,2700,MsdRadixSort,413.29,13146
Reverse sorted,2700,MsdRadixQuickSort,155.00,20090
Almost sorted,2700,MergeSort,787.46,36977
Almost sorted,2700,QuickSort,309.32,412375
Almost sorted,2700,StringMergeSort,2169.90,14079
Almost sorted,2700,StringQuickSort,45.68,40350
Almost sorted,2700,MsdRadixSort,335.36,13006
Almost sorted,2700,MsdRadixQuickSort,162.82,20605
Common prefixes,2700,MergeSort,1109.94,135884
Common prefixes,2700,QuickSort,455.18,559717
Common prefixes,2700,StringMergeSort,2342.12,35571
Common prefixes,2700,StringQuickSort,77.60,72264
Common prefixes,2700,MsdRadixSort,639.79,39496
Common prefixes,2700,MsdRadixQuickSort,416.78,40116
Random,2800,MergeSort,1001.91,41050
Random,2800,QuickSort,439.15,437355
Random,2800,StringMergeSort,2398.77,25912
Random,2800,StringQuickSort,82.26,49945
Random,2800,MsdRadixSort,399.09,13598
Random,2800,MsdRadixQuickSort,209.14,25262
Reverse sorted,2800,MergeSort,723.77,23803
Reverse sorted,2800,QuickSort,247.79,408814
Reverse sorted,2800,StringMergeSort,2283.30,10252
Reverse sorted,2800,StringQuickSort,43.59,40314
Reverse sorted,2800,MsdRadixSort,399.46,13630
Reverse sorted,2800,MsdRadixQuickSort,152.38,20821
Almost sorted,2800,MergeSort,806.92,38271
Almost sorted,2800,QuickSort,320.58,434907
Almost sorted,2800,StringMergeSort,2269.40,14702
Almost sorted,2800,StringQuickSort,51.33,42485
Almost sorted,2800,MsdRadixSort,365.51,13530
Almost sorted,2800,MsdRadixQuickSort,149.49,21427
Common prefixes,2800,MergeSort,1100.30,142113
Common prefixes,2800,QuickSort,453.57,567657
Common prefixes,2800,StringMergeSort,2438.18,37016
Common prefixes,2800,StringQuickSort,81.22,70943
Common prefixes,2800,MsdRadixSort,703.77,41026
Common prefixes,2800,MsdRadixQuickSort,406.99,41765
Random,2900,MergeSort,1074.57,42911
Random,2900,QuickSort,410.72,455354
Random,2900,StringMergeSort,2546.97,26985
Random,2900,StringQuickSort,141.65,58157
Random,2900,MsdRadixSort,386.71,14164
Random,2900,MsdRadixQuickSort,163.99,26164
Reverse sorted,2900,MergeSort,764.32,24747
Reverse sorted,2900,QuickSort,274.24,437079
Reverse sorted,2900,StringMergeSort,2364.53,10660
Reverse sorted,2900,StringQuickSort,47.18,42227
Reverse sorted,2900,MsdRadixSort,417.86,14114
Reverse sorted,2900,MsdRadixQuickSort,188.17,21535
Almost sorted,2900,MergeSort,806.54,39944
Almost sorted,2900,QuickSort,358.89,463493
Almost sorted,2900,StringMergeSort,2341.98,15472
Almost sorted,2900,StringQuickSort,52.88,43044
Almost sorted,2900,MsdRadixSort,382.42,14006
Almost sorted,2900,MsdRadixQuickSort,166.88,22255
Common prefixes,2900,MergeSort,1169.91,148065
Common prefixes,2900,QuickSort,484.60,600851
Common prefixes,2900,StringMergeSort,2538.83,38462
Common prefixes,2900,StringQuickSort,124.28,74048
Common prefixes,2900,MsdRadixSort,666.41,42512
Common prefixes,2900,MsdRadixQuickSort,456.24,43472
Random,3000,MergeSort,1130.81,44563
Random,3000,QuickSort,461.12,480247
Random,3000,StringMergeSort,2626.56,27910
Random,3000,StringQuickSort,87.48,52390
Random,3000,MsdRadixSort,444.34,14708
Random,3000,MsdRadixQuickSort,179.03,27621
Reverse sorted,3000,MergeSort,735.71,25855
Reverse sorted,3000,QuickSort,274.66,459314
Reverse sorted,3000,StringMergeSort,2482.42,11089
Reverse sorted,3000,StringQuickSort,64.50,43906
Reverse sorted,3000,MsdRadixSort,402.98,14610
Reverse sorted,3000,MsdRadixQuickSort,158.85,22316
Almost sorted,3000,MergeSort,827.90,40673
Almost sorted,3000,QuickSort,280.08,426194
Almost sorted,3000,StringMergeSort,2401.17,15920
Almost sorted,3000,StringQuickSort,55.32,44214
Almost sorted,3000,MsdRadixSort,396.34,14506
Almost sorted,3000,MsdRadixQuickSort,176.06,23135
Common prefixes,3000,MergeSort,1226.89,154810
Common prefixes,3000,QuickSort,516.02,616165
Common prefixes,3000,StringMergeSort,2611.96,40031
Common prefixes,3000,StringQuickSort,85.68,78378
Common prefixes,3000,MsdRadixSort,652.56,43996
Common prefixes,3000,MsdRadixQuickSort,520.83,45147
